url,name,address,city,state,phone
http://disalvocpa.com/,Results,"îƒˆ2525 20th St, Vero Beach, FL 32960",Vero Beach,FL,î‚°(772) 770-6008
https://www.tennextaxsolutions.com/,Results,"îƒˆ1203 US-1, Sebastian, FL 32958",Sebastian,FL,î‚°(772) 999-6308
http://www.cpaverobeach.com/,Results,"îƒˆ570 Beachland Blvd, Vero Beach, FL 32963",Vero Beach,FL,î‚°(772) 231-2100
http://novakbarhorst.com/,Results,"îƒˆ849 20th St, Vero Beach, FL 32960",Vero Beach,FL,î‚°(772) 778-5100
http://glcpa.net/,Results,"îƒˆ80 Royal Palm Pointe Suite 202, Vero Beach, FL 32960",Vero Beach,FL,î‚°(772) 770-4700
http://ferretticpa.com/,Results,"îƒˆ700 22nd Pl suite 5-D, Vero Beach, FL 32960",Vero Beach,FL,î‚°(772) 778-2843
https://a-dtaxservice.com/,Results,"îƒˆ1627 US-1 #210, Sebastian, FL 32958",Sebastian,FL,î‚°(772) 584-0122
http://www.macecpa.com/,Results,"îƒˆ1515 Indian River Blvd, Vero Beach, FL 32960",Vero Beach,FL,î‚°(772) 770-1272
http://bookkeepingandtax.services/,Results,"îƒˆ9566 Gator Dr UNIT #9, Sebastian, FL 32958",Sebastian,FL,î‚°(772) 646-0073
http://www.verotaxaccountant.com/,Results,"îƒˆ3107 Cardinal Dr, Vero Beach, FL 32963",Vero Beach,FL,î‚°(772) 226-5255
https://sunrisetaxaccounting.com/contact,Results,"îƒˆ9611 US-1, Sebastian, FL 32958",Sebastian,FL,î‚°(772) 925-3555
https://splinternetmarketing.com/local-pros/missouri/downtown-kansas-city/bookkeeping-by-racheal-llc/,Results,,Wabasso,FL,î‚°(772) 633-6767
http://kitchentabletaxes.com/,Results,"îƒˆ1392 Barefoot Cir, Sebastian, FL 32976",Sebastian,FL,î‚°(772) 783-7085
http://www.rivercpa.com/,Results,"îƒˆ1547 Peters Creek Rd, Green Cove Springs, FL 32043",Green Cove Springs,FL,î‚°(904) 626-6347
http://www.northriveraccountingandtax.com/,Results,"îƒˆ7216 US-301 Suite 123, Ellenton, FL 34222",Ellenton,FL,î‚°(941) 212-6062
https://coasttocoastbookkeepingllc.com/,Results,,Wabasso,FL,î‚°(786) 304-5435
http://jscpa.org/,Results,"îƒˆ701 JC Center Ct, Port Charlotte, FL 33954",Port Charlotte,FL,î‚°(941) 206-0077
http://bcrtax.com/,Results,"îƒˆ2431 Aloma Ave Suite 102-104, Winter Park, FL 32792",Winter Park,FL,î‚°(407) 672-1250
http://taxartist.com/,Results,"îƒˆ220 Pine Ave N, Oldsmar, FL 34677",Oldsmar,FL,î‚°(727) 787-5290
http://accountingtaxadvisors.com/,Results,"îƒˆ20 W Norvell Bryant Hwy, Hernando, FL 34442",Hernando,FL,î‚°(352) 418-0829
http://www.gsocpa.com/,Results,"îƒˆ3999 Commons Dr W suite e, Destin, FL 32541",Destin,FL,î‚°(850) 654-9054
https://www.allancpa.com/,Results,"îƒˆ465 Plaza Dr, Eustis, FL 32726",Eustis,FL,î‚°(352) 589-6444
https://www.verotaxpros.com/,Results,"îƒˆ946 16th Pl #1, Vero Beach, FL 32960",Vero Beach,FL,î‚°(772) 356-5333
http://www.justinmetzcpa.com/,Results,"îƒˆ4731 Jimmy Buffett Mem Hwy, Vero Beach, FL 32963",Vero Beach,FL,î‚°(772) 539-2540
http://www.nuttallcpas.com/,Results,"îƒˆ5055 Jimmy Buffett Mem Hwy, Vero Beach, FL 32963",Vero Beach,FL,î‚°(772) 231-1040
https://www.rehmann.com/locations/vero-beach-south/?utm_source=gmb&utm_medium=yext,Results,"îƒˆ2800 Ocean Dr, Vero Beach, FL 32963",Vero Beach,FL,î‚°(772) 231-6902
http://www.baileytax.com/,Results,"îƒˆ1933 14th Ave, Vero Beach, FL 32960",Vero Beach,FL,î‚°(772) 567-0829
https://www.rehmann.com/locations/vero-beach/?utm_source=gmb&utm_medium=yext,Results,"îƒˆ5070 Jimmy Buffett Mem Hwy Ste 250, Vero Beach, FL 32963",Vero Beach,FL,î‚°(772) 234-8484
https://nuttallcpas.com/,Results,"îƒˆ1623 US-1 B-4, Sebastian, FL 32958",Sebastian,FL,î‚°(772) 388-3301
https://brigittesbookkeeping.llc/,Results,"îƒˆ632 Carnival Terrace, Sebastian, FL 32958",Sebastian,FL,î‚°(772) 228-1490
http://www.oneovervue.com/,Results,"îƒˆ9434 US-1, Sebastian, FL 32958",Sebastian,FL,î‚°(772) 589-9589
http://westcoastaccountingflorida.com/,Results,"îƒˆ8758 Seminole Blvd, Seminole, FL 33772",Seminole,FL,î‚°(727) 275-1960
https://www.gca-tax.com/,Results,"îƒˆ401 Orange St, Palm Harbor, FL 34683",Palm Harbor,FL,î‚°(727) 386-9306
http://legacytax.biz/,Results,"îƒˆ12687 SW County Rd 769 Ste 2B, Lake Suzy, FL 34269",Lake Suzy,FL,î‚°(941) 883-4453
https://www.failsafetax.com/,Results,"îƒˆ20 S Rose Ave Ste 4, Kissimmee, FL 34741",Kissimmee,FL,î‚°(407) 201-7988
https://levelaccountingfirm.com/,Results,"îƒˆ333 17th St B, Vero Beach, FL 32960",Vero Beach,FL,î‚°(508) 563-2218
http://www.tdeancpa.com/,Results,"îƒˆ2182 Ponce De Leon Cir, Vero Beach, FL 32960",Vero Beach,FL,î‚°(772) 770-3760
http://www.cpaallp.com/,Results,"îƒˆ80 Royal Palm Pointe #300, Vero Beach, FL 32960",Vero Beach,FL,î‚°(772) 778-4666
https://www.stamascpa.com/,Results,"îƒˆ1201 19th Pl Building B, Suite 401, Vero Beach, FL 32960",Vero Beach,FL,î‚°(772) 778-6903
https://www.accounting-wise.com/,Results,"îƒˆ601 21st St Suite 303, Vero Beach, FL 32960",Vero Beach,FL,î‚°(949) 529-5631
http://www.irccpa.com/,Results,"îƒˆ2147 10th Ave, Vero Beach, FL 32960",Vero Beach,FL,î‚°(772) 569-6203
https://petersonaccountingcpa.com/?utm_source=google&utm_medium=google_business_profile&utm_campaign=website_click,Results,"îƒˆ1860 SW Fountainview Blvd Ste 67, Port St. Lucie, FL 34986",Port St. Lucie,FL,î‚°(772) 206-0654
https://www.art-of-accounting.com/,Results,"îƒˆ505 Beachland Blvd #1, Vero Beach, FL 32963",Vero Beach,FL,î‚°(772) 579-1116
https://www.a-1taxservice.com/,Results,"îƒˆ953 Old Dixie Hwy, Vero Beach, FL 32960",Vero Beach,FL,î‚°(772) 257-6346
http://www.integritytaxgroup.org/,Results,"îƒˆ628 Old Dixie Hwy SW, Vero Beach, FL 32962",Vero Beach,FL,î‚°(888) 522-8253
https://taxsolutionsplusinc.com/,Results,"îƒˆ850 S 21st St Ste N, Fort Pierce, FL 34950",Fort Pierce,FL,î‚°(772) 999-4005
http://www.villagetaxusa.com/,Results,"îƒˆ918 Rolling Acres Rd Ste 5, Lady Lake, FL 32159",Lady Lake,FL,î‚°(352) 259-7053
http://www.beyondtaxandaccounting.com/,Results,"îƒˆ8441 W Commercial Blvd, Tamarac, FL 33351",Tamarac,FL,î‚°(954) 727-1770
http://www.elitetnaservices.com/,Results,"îƒˆ4807 Co Rd 466A, Wildwood, FL 34785",Wildwood,FL,î‚°(352) 396-9535
http://www.elitetaxpro.com/,Results,"îƒˆ3917 Southside Blvd, Jacksonville, FL 32216",Jacksonville,FL,î‚°(904) 404-1769
